Domain Code,Domain,Area Code (ISO3),Area,Element Code,Element,Item Code,Item,Year Code,Year,Unit,Value,Flag,Flag Description,Note
"MK","Macro Indicators","AIA","Anguilla","6110","Value US$","22008","Gross Domestic Product","2019","2019","million USD","376.733333","X","Figure from international organizations",""
"MK","Macro Indicators","AIA","Anguilla","6110","Value US$","22008","Gross Domestic Product","2020","2020","million USD","258.440741","X","Figure from international organizations",""
"MK","Macro Indicators","AIA","Anguilla","6110","Value US$","22008","Gross Domestic Product","2021","2021","million USD","300.977778","X","Figure from international organizations",""
"MK","Macro Indicators","AIA","Anguilla","6110","Value US$","22008","Gross Domestic Product","2022","2022","million USD","452.896296","X","Figure from international organizations",""
"MK","Macro Indicators","AIA","Anguilla","6110","Value US$","22008","Gross Domestic Product","2023","2023","million USD","470.399984","E","Estimated value",""
"MK","Macro Indicators","ATG","Antigua and Barbuda","6110","Value US$","22008","Gross Domestic Product","2019","2019","million USD","1675.403704","X","Figure from international organizations",""
"MK","Macro Indicators","ATG","Antigua and Barbuda","6110","Value US$","22008","Gross Domestic Product","2020","2020","million USD","1418.062963","X","Figure from international organizations",""
"MK","Macro Indicators","ATG","Antigua and Barbuda","6110","Value US$","22008","Gross Domestic Product","2021","2021","million USD","1560.518519","X","Figure from international organizations",""
"MK","Macro Indicators","ATG","Antigua and Barbuda","6110","Value US$","22008","Gross Domestic Product","2022","2022","million USD","1770.248148","X","Figure from international organizations",""
"MK","Macro Indicators","ATG","Antigua and Barbuda","6110","Value US$","22008","Gross Domestic Product","2023","2023","million USD","1962.005543","E","Estimated value",""
"MK","Macro Indicators","ARG","Argentina","6110","Value US$","22008","Gross Domestic Product","2019","2019","million USD","447754.686715","X","Figure from international organizations",""
"MK","Macro Indicators","ARG","Argentina","6110","Value US$","22008","Gross Domestic Product","2020","2020","million USD","385740.51026","X","Figure from international organizations",""
"MK","Macro Indicators","ARG","Argentina","6110","Value US$","22008","Gross Domestic Product","2021","2021","million USD","487902.573876","X","Figure from international organizations",""
"MK","Macro Indicators","ARG","Argentina","6110","Value US$","22008","Gross Domestic Product","2022","2022","million USD","631133.142842","X","Figure from international organizations",""
"MK","Macro Indicators","ARG","Argentina","6110","Value US$","22008","Gross Domestic Product","2023","2023","million USD","554344.928666","E","Estimated value",""
"MK","Macro Indicators","ABW","Aruba","6110","Value US$","22008","Gross Domestic Product","2019","2019","million USD","3395.793296","X","Figure from international organizations",""
"MK","Macro Indicators","ABW","Aruba","6110","Value US$","22008","Gross Domestic Product","2020","2020","million USD","2558.906304","X","Figure from international organizations",""
"MK","Macro Indicators","ABW","Aruba","6110","Value US$","22008","Gross Domestic Product","2021","2021","million USD","3103.184102","X","Figure from international organizations",""
"MK","Macro Indicators","ABW","Aruba","6110","Value US$","22008","Gross Domestic Product","2022","2022","million USD","3544.707788","X","Figure from international organizations",""
"MK","Macro Indicators","ABW","Aruba","6110","Value US$","22008","Gross Domestic Product","2023","2023","million USD","3686.994955","E","Estimated value",""
"MK","Macro Indicators","BHS","Bahamas","6110","Value US$","22008","Gross Domestic Product","2019","2019","million USD","13578.832612","X","Figure from international organizations",""
"MK","Macro Indicators","BHS","Bahamas","6110","Value US$","22008","Gross Domestic Product","2020","2020","million USD","9754.559442","X","Figure from international organizations",""
"MK","Macro Indicators","BHS","Bahamas","6110","Value US$","22008","Gross Domestic Product","2021","2021","million USD","11527.573281","X","Figure from international organizations",""
"MK","Macro Indicators","BHS","Bahamas","6110","Value US$","22008","Gross Domestic Product","2022","2022","million USD","12897.421926","X","Figure from international organizations",""
"MK","Macro Indicators","BHS","Bahamas","6110","Value US$","22008","Gross Domestic Product","2023","2023","million USD","13961.820299","E","Estimated value",""
"MK","Macro Indicators","BRB","Barbados","6110","Value US$","22008","Gross Domestic Product","2019","2019","million USD","5341.1","X","Figure from international organizations",""
"MK","Macro Indicators","BRB","Barbados","6110","Value US$","22008","Gross Domestic Product","2020","2020","million USD","4738.8","X","Figure from international organizations",""
"MK","Macro Indicators","BRB","Barbados","6110","Value US$","22008","Gross Domestic Product","2021","2021","million USD","4923.1","X","Figure from international organizations",""
"MK","Macro Indicators","BRB","Barbados","6110","Value US$","22008","Gross Domestic Product","2022","2022","million USD","5699.95","X","Figure from international organizations",""
"MK","Macro Indicators","BRB","Barbados","6110","Value US$","22008","Gross Domestic Product","2023","2023","million USD","6154.19542","E","Estimated value",""
"MK","Macro Indicators","BLZ","Belize","6110","Value US$","22008","Gross Domestic Product","2019","2019","million USD","2386.792476","X","Figure from international organizations",""
"MK","Macro Indicators","BLZ","Belize","6110","Value US$","22008","Gross Domestic Product","2020","2020","million USD","2047.72781","X","Figure from international organizations",""
"MK","Macro Indicators","BLZ","Belize","6110","Value US$","22008","Gross Domestic Product","2021","2021","million USD","2424.57518","X","Figure from international organizations",""
"MK","Macro Indicators","BLZ","Belize","6110","Value US$","22008","Gross Domestic Product","2022","2022","million USD","2830.507576","X","Figure from international organizations",""
"MK","Macro Indicators","BLZ","Belize","6110","Value US$","22008","Gross Domestic Product","2023","2023","million USD","3034.40007","E","Estimated value",""
"MK","Macro Indicators","BMU","Bermuda","6110","Value US$","22008","Gross Domestic Product","2019","2019","million USD","7423.46","X","Figure from international organizations",""
"MK","Macro Indicators","BMU","Bermuda","6110","Value US$","22008","Gross Domestic Product","2020","2020","million USD","6887.15","X","Figure from international organizations",""
"MK","Macro Indicators","BMU","Bermuda","6110","Value US$","22008","Gross Domestic Product","2021","2021","million USD","7286.59","X","Figure from international organizations",""
"MK","Macro Indicators","BMU","Bermuda","6110","Value US$","22008","Gross Domestic Product","2022","2022","million USD","7546","X","Figure from international organizations",""
"MK","Macro Indicators","BMU","Bermuda","6110","Value US$","22008","Gross Domestic Product","2023","2023","million USD","7807.641602","E","Estimated value",""
"MK","Macro Indicators","BOL","Bolivia (Plurinational State of)","6110","Value US$","22008","Gross Domestic Product","2019","2019","million USD","40895.322844","X","Figure from international organizations",""
"MK","Macro Indicators","BOL","Bolivia (Plurinational State of)","6110","Value US$","22008","Gross Domestic Product","2020","2020","million USD","36629.843805","X","Figure from international organizations",""
"MK","Macro Indicators","BOL","Bolivia (Plurinational State of)","6110","Value US$","22008","Gross Domestic Product","2021","2021","million USD","40406.111695","X","Figure from international organizations",""
"MK","Macro Indicators","BOL","Bolivia (Plurinational State of)","6110","Value US$","22008","Gross Domestic Product","2022","2022","million USD","44008.282878","X","Figure from international organizations",""
"MK","Macro Indicators","BRA","Brazil","6110","Value US$","22008","Gross Domestic Product","2019","2019","million USD","1881458.564748","X","Figure from international organizations",""
"MK","Macro Indicators","BRA","Brazil","6110","Value US$","22008","Gross Domestic Product","2020","2020","million USD","1476107.292037","X","Figure from international organizations",""
"MK","Macro Indicators","BRA","Brazil","6110","Value US$","22008","Gross Domestic Product","2021","2021","million USD","1649622.886218","X","Figure from international organizations",""
"MK","Macro Indicators","BRA","Brazil","6110","Value US$","22008","Gross Domestic Product","2022","2022","million USD","1920095.477164","X","Figure from international organizations",""
"MK","Macro Indicators","BRA","Brazil","6110","Value US$","22008","Gross Domestic Product","2023","2023","million USD","2136919.783907","E","Estimated value",""
"MK","Macro Indicators","VGB","British Virgin Islands","6110","Value US$","22008","Gross Domestic Product","2019","2019","million USD","1513.63","X","Figure from international organizations",""
"MK","Macro Indicators","VGB","British Virgin Islands","6110","Value US$","22008","Gross Domestic Product","2020","2020","million USD","1428.75","X","Figure from international organizations",""
"MK","Macro Indicators","VGB","British Virgin Islands","6110","Value US$","22008","Gross Domestic Product","2021","2021","million USD","1460.116486","X","Figure from international organizations",""
"MK","Macro Indicators","VGB","British Virgin Islands","6110","Value US$","22008","Gross Domestic Product","2022","2022","million USD","1471.233257","X","Figure from international organizations",""
"MK","Macro Indicators","VGB","British Virgin Islands","6110","Value US$","22008","Gross Domestic Product","2023","2023","million USD","1532.645874","E","Estimated value",""
"MK","Macro Indicators","CAN","Canada","6110","Value US$","22008","Gross Domestic Product","2019","2019","million USD","1743645.481081","X","Figure from international organizations",""
"MK","Macro Indicators","CAN","Canada","6110","Value US$","22008","Gross Domestic Product","2020","2020","million USD","1647598.402303","X","Figure from international organizations",""
"MK","Macro Indicators","CAN","Canada","6110","Value US$","22008","Gross Domestic Product","2021","2021","million USD","2001486.745424","X","Figure from international organizations",""
"MK","Macro Indicators","CAN","Canada","6110","Value US$","22008","Gross Domestic Product","2022","2022","million USD","2137939.220075","X","Figure from international organizations",""
"MK","Macro Indicators","CAN","Canada","6110","Value US$","22008","Gross Domestic Product","2023","2023","million USD","2101647.88874","E","Estimated value",""
"MK","Macro Indicators","CYM","Cayman Islands","6110","Value US$","22008","Gross Domestic Product","2019","2019","million USD","5941.896666","X","Figure from international organizations",""
"MK","Macro Indicators","CYM","Cayman Islands","6110","Value US$","22008","Gross Domestic Product","2020","2020","million USD","5647.225069","X","Figure from international organizations",""
"MK","Macro Indicators","CYM","Cayman Islands","6110","Value US$","22008","Gross Domestic Product","2021","2021","million USD","6028.373642","X","Figure from international organizations",""
"MK","Macro Indicators","CYM","Cayman Islands","6110","Value US$","22008","Gross Domestic Product","2022","2022","million USD","6281.102622","X","Figure from international organizations",""
"MK","Macro Indicators","CYM","Cayman Islands","6110","Value US$","22008","Gross Domestic Product","2023","2023","million USD","6607.02428","E","Estimated value",""
"MK","Macro Indicators","CHL","Chile","6110","Value US$","22008","Gross Domestic Product","2019","2019","million USD","278493.308134","X","Figure from international organizations",""
"MK","Macro Indicators","CHL","Chile","6110","Value US$","22008","Gross Domestic Product","2020","2020","million USD","254096.103516","X","Figure from international organizations",""
"MK","Macro Indicators","CHL","Chile","6110","Value US$","22008","Gross Domestic Product","2021","2021","million USD","316713.577509","X","Figure from international organizations",""
"MK","Macro Indicators","CHL","Chile","6110","Value US$","22008","Gross Domestic Product","2022","2022","million USD","300686.006235","X","Figure from international organizations",""
"MK","Macro Indicators","CHL","Chile","6110","Value US$","22008","Gross Domestic Product","2023","2023","million USD","346343.385556","E","Estimated value",""
"MK","Macro Indicators","COL","Colombia","6110","Value US$","22008","Gross Domestic Product","2019","2019","million USD","323109.540252","X","Figure from international organizations",""
"MK","Macro Indicators","COL","Colombia","6110","Value US$","22008","Gross Domestic Product","2020","2020","million USD","270035.563128","X","Figure from international organizations",""
"MK","Macro Indicators","COL","Colombia","6110","Value US$","22008","Gross Domestic Product","2021","2021","million USD","318567.486717","X","Figure from international organizations",""
"MK","Macro Indicators","COL","Colombia","6110","Value US$","22008","Gross Domestic Product","2022","2022","million USD","343939.431021","X","Figure from international organizations",""
"MK","Macro Indicators","COL","Colombia","6110","Value US$","22008","Gross Domestic Product","2023","2023","million USD","368806.899979","E","Estimated value",""
"MK","Macro Indicators","CRI","Costa Rica","6110","Value US$","22008","Gross Domestic Product","2019","2019","million USD","64417.670556","X","Figure from international organizations",""
"MK","Macro Indicators","CRI","Costa Rica","6110","Value US$","22008","Gross Domestic Product","2020","2020","million USD","62395.610764","X","Figure from international organizations",""
"MK","Macro Indicators","CRI","Costa Rica","6110","Value US$","22008","Gross Domestic Product","2021","2021","million USD","64616.482168","X","Figure from international organizations",""
"MK","Macro Indicators","CRI","Costa Rica","6110","Value US$","22008","Gross Domestic Product","2022","2022","million USD","68380.838316","X","Figure from international organizations",""
"MK","Macro Indicators","CRI","Costa Rica","6110","Value US$","22008","Gross Domestic Product","2023","2023","million USD","86017.269178","E","Estimated value",""
"MK","Macro Indicators","CUB","Cuba","6110","Value US$","22008","Gross Domestic Product","2019","2019","million USD","103428","X","Figure from international organizations",""
"MK","Macro Indicators","CUB","Cuba","6110","Value US$","22008","Gross Domestic Product","2020","2020","million USD","107352","X","Figure from international organizations",""
"MK","Macro Indicators","CUB","Cuba","6110","Value US$","22008","Gross Domestic Product","2021","2021","million USD","126693.048651","X","Figure from international organizations",""
"MK","Macro Indicators","CUB","Cuba","6110","Value US$","22008","Gross Domestic Product","2022","2022","million USD","147193.876305","X","Figure from international organizations",""
"MK","Macro Indicators","CUW","Curaçao","6110","Value US$","22008","Gross Domestic Product","2019","2019","million USD","3026.124116","X","Figure from international organizations",""
"MK","Macro Indicators","CUW","Curaçao","6110","Value US$","22008","Gross Domestic Product","2020","2020","million USD","2534.327593","X","Figure from international organizations",""
"MK","Macro Indicators","CUW","Curaçao","6110","Value US$","22008","Gross Domestic Product","2021","2021","million USD","2739.59436","X","Figure from international organizations",""
"MK","Macro Indicators","CUW","Curaçao","6110","Value US$","22008","Gross Domestic Product","2022","2022","million USD","3075.180835","X","Figure from international organizations",""
"MK","Macro Indicators","CUW","Curaçao","6110","Value US$","22008","Gross Domestic Product","2023","2023","million USD","3114.987779","E","Estimated value",""
"MK","Macro Indicators","DMA","Dominica","6110","Value US$","22008","Gross Domestic Product","2019","2019","million USD","611.537037","X","Figure from international organizations",""
"MK","Macro Indicators","DMA","Dominica","6110","Value US$","22008","Gross Domestic Product","2020","2020","million USD","506.614815","X","Figure from international organizations",""
"MK","Macro Indicators","DMA","Dominica","6110","Value US$","22008","Gross Domestic Product","2021","2021","million USD","555.266667","X","Figure from international organizations",""
"MK","Macro Indicators","DMA","Dominica","6110","Value US$","22008","Gross Domestic Product","2022","2022","million USD","612.048148","X","Figure from international organizations",""
"MK","Macro Indicators","DMA","Dominica","6110","Value US$","22008","Gross Domestic Product","2023","2023","million USD","681.742304","E","Estimated value",""
"MK","Macro Indicators","DOM","Dominican Republic","6110","Value US$","22008","Gross Domestic Product","2019","2019","million USD","88941.371981","X","Figure from international organizations",""
"MK","Macro Indicators","DOM","Dominican Republic","6110","Value US$","22008","Gross Domestic Product","2020","2020","million USD","78844.655832","X","Figure from international organizations",""
"MK","Macro Indicators","DOM","Dominican Republic","6110","Value US$","22008","Gross Domestic Product","2021","2021","million USD","94243.426487","X","Figure from international organizations",""
"MK","Macro Indicators","DOM","Dominican Republic","6110","Value US$","22008","Gross Domestic Product","2022","2022","million USD","113537.385335","X","Figure from international organizations",""
"MK","Macro Indicators","DOM","Dominican Republic","6110","Value US$","22008","Gross Domestic Product","2023","2023","million USD","122410.179659","E","Estimated value",""
"MK","Macro Indicators","ECU","Ecuador","6110","Value US$","22008","Gross Domestic Product","2019","2019","million USD","108108.009","X","Figure from international organizations",""
"MK","Macro Indicators","ECU","Ecuador","6110","Value US$","22008","Gross Domestic Product","2020","2020","million USD","99291.124","X","Figure from international organizations",""
"MK","Macro Indicators","ECU","Ecuador","6110","Value US$","22008","Gross Domestic Product","2021","2021","million USD","106165.866","X","Figure from international organizations",""
"MK","Macro Indicators","ECU","Ecuador","6110","Value US$","22008","Gross Domestic Product","2022","2022","million USD","115049.476","X","Figure from international organizations",""
"MK","Macro Indicators","ECU","Ecuador","6110","Value US$","22008","Gross Domestic Product","2023","2023","million USD","119924.939786","E","Estimated value",""
"MK","Macro Indicators","SLV","El Salvador","6110","Value US$","22008","Gross Domestic Product","2019","2019","million USD","26881.136766","X","Figure from international organizations",""
"MK","Macro Indicators","SLV","El Salvador","6110","Value US$","22008","Gross Domestic Product","2020","2020","million USD","24930.085027","X","Figure from international organizations",""
"MK","Macro Indicators","SLV","El Salvador","6110","Value US$","22008","Gross Domestic Product","2021","2021","million USD","29451.248081","X","Figure from international organizations",""
"MK","Macro Indicators","SLV","El Salvador","6110","Value US$","22008","Gross Domestic Product","2022","2022","million USD","32488.71532","X","Figure from international organizations",""
"MK","Macro Indicators","SLV","El Salvador","6110","Value US$","22008","Gross Domestic Product","2023","2023","million USD","34695.748125","E","Estimated value",""
"MK","Macro Indicators","GRL","Greenland","6110","Value US$","22008","Gross Domestic Product","2019","2019","million USD","2997.310145","X","Figure from international organizations",""
"MK","Macro Indicators","GRL","Greenland","6110","Value US$","22008","Gross Domestic Product","2020","2020","million USD","3082.884557","X","Figure from international organizations",""
"MK","Macro Indicators","GRL","Greenland","6110","Value US$","22008","Gross Domestic Product","2021","2021","million USD","3235.809462","X","Figure from international organizations",""
"MK","Macro Indicators","GRL","Greenland","6110","Value US$","22008","Gross Domestic Product","2022","2022","million USD","2926.118824","X","Figure from international organizations",""
"MK","Macro Indicators","GRL","Greenland","6110","Value US$","22008","Gross Domestic Product","2023","2023","million USD","3152.255594","E","Estimated value",""
"MK","Macro Indicators","GRD","Grenada","6110","Value US$","22008","Gross Domestic Product","2019","2019","million USD","1213.485185","X","Figure from international organizations",""
"MK","Macro Indicators","GRD","Grenada","6110","Value US$","22008","Gross Domestic Product","2020","2020","million USD","1043.411111","X","Figure from international organizations",""
"MK","Macro Indicators","GRD","Grenada","6110","Value US$","22008","Gross Domestic Product","2021","2021","million USD","1122.819683","X","Figure from international organizations",""
"MK","Macro Indicators","GRD","Grenada","6110","Value US$","22008","Gross Domestic Product","2022","2022","million USD","1192.821302","X","Figure from international organizations",""
"MK","Macro Indicators","GRD","Grenada","6110","Value US$","22008","Gross Domestic Product","2023","2023","million USD","1273.89761","E","Estimated value",""
"MK","Macro Indicators","GTM","Guatemala","6110","Value US$","22008","Gross Domestic Product","2019","2019","million USD","77172.313913","X","Figure from international organizations",""
"MK","Macro Indicators","GTM","Guatemala","6110","Value US$","22008","Gross Domestic Product","2020","2020","million USD","77715.183068","X","Figure from international organizations",""
"MK","Macro Indicators","GTM","Guatemala","6110","Value US$","22008","Gross Domestic Product","2021","2021","million USD","86053.079765","X","Figure from international organizations",""
"MK","Macro Indicators","GTM","Guatemala","6110","Value US$","22008","Gross Domestic Product","2022","2022","million USD","95003.333377","X","Figure from international organizations",""
"MK","Macro Indicators","GTM","Guatemala","6110","Value US$","22008","Gross Domestic Product","2023","2023","million USD","103359.72691","E","Estimated value",""
"MK","Macro Indicators","GUY","Guyana","6110","Value US$","22008","Gross Domestic Product","2019","2019","million USD","5173.760192","X","Figure from international organizations",""
"MK","Macro Indicators","GUY","Guyana","6110","Value US$","22008","Gross Domestic Product","2020","2020","million USD","5471.256595","X","Figure from international organizations",""
"MK","Macro Indicators","GUY","Guyana","6110","Value US$","22008","Gross Domestic Product","2021","2021","million USD","8041.36211","X","Figure from international organizations",""
"MK","Macro Indicators","GUY","Guyana","6110","Value US$","22008","Gross Domestic Product","2022","2022","million USD","14718.388489","X","Figure from international organizations",""
"MK","Macro Indicators","GUY","Guyana","6110","Value US$","22008","Gross Domestic Product","2023","2023","million USD","16531.264977","E","Estimated value",""
"MK","Macro Indicators","HTI","Haiti","6110","Value US$","22008","Gross Domestic Product","2019","2019","million USD","14065.354558","X","Figure from international organizations",""
"MK","Macro Indicators","HTI","Haiti","6110","Value US$","22008","Gross Domestic Product","2020","2020","million USD","16547.75979","X","Figure from international organizations",""
"MK","Macro Indicators","HTI","Haiti","6110","Value US$","22008","Gross Domestic Product","2021","2021","million USD","19043.737282","X","Figure from international organizations",""
"MK","Macro Indicators","HTI","Haiti","6110","Value US$","22008","Gross Domestic Product","2022","2022","million USD","18751.270946","X","Figure from international organizations",""
"MK","Macro Indicators","HTI","Haiti","6110","Value US$","22008","Gross Domestic Product","2023","2023","million USD","22287.031442","E","Estimated value",""
"MK","Macro Indicators","HND","Honduras","6110","Value US$","22008","Gross Domestic Product","2019","2019","million USD","25089.949349","X","Figure from international organizations",""
"MK","Macro Indicators","HND","Honduras","6110","Value US$","22008","Gross Domestic Product","2020","2020","million USD","23827.859695","X","Figure from international organizations",""
"MK","Macro Indicators","HND","Honduras","6110","Value US$","22008","Gross Domestic Product","2021","2021","million USD","28488.721296","X","Figure from international organizations",""
"MK","Macro Indicators","HND","Honduras","6110","Value US$","22008","Gross Domestic Product","2022","2022","million USD","31717.700115","X","Figure from international organizations",""
"MK","Macro Indicators","HND","Honduras","6110","Value US$","22008","Gross Domestic Product","2023","2023","million USD","35004.8509","E","Estimated value",""
"MK","Macro Indicators","JAM","Jamaica","6110","Value US$","22008","Gross Domestic Product","2019","2019","million USD","15830.762952","X","Figure from international organizations",""
"MK","Macro Indicators","JAM","Jamaica","6110","Value US$","22008","Gross Domestic Product","2020","2020","million USD","13812.424962","X","Figure from international organizations",""
"MK","Macro Indicators","JAM","Jamaica","6110","Value US$","22008","Gross Domestic Product","2021","2021","million USD","14657.583648","X","Figure from international organizations",""
"MK","Macro Indicators","JAM","Jamaica","6110","Value US$","22008","Gross Domestic Product","2022","2022","million USD","17097.760995","X","Figure from international organizations",""
"MK","Macro Indicators","JAM","Jamaica","6110","Value US$","22008","Gross Domestic Product","2023","2023","million USD","18295.271827","E","Estimated value",""
"MK","Macro Indicators","MEX","Mexico","6110","Value US$","22008","Gross Domestic Product","2019","2019","million USD","1305211.113238","X","Figure from international organizations",""
"MK","Macro Indicators","MEX","Mexico","6110","Value US$","22008","Gross Domestic Product","2020","2020","million USD","1120832.39508","X","Figure from international organizations",""
"MK","Macro Indicators","MEX","Mexico","6110","Value US$","22008","Gross Domestic Product","2021","2021","million USD","1313069.742396","X","Figure from international organizations",""
"MK","Macro Indicators","MEX","Mexico","6110","Value US$","22008","Gross Domestic Product","2022","2022","million USD","1463323.889037","X","Figure from international organizations",""
"MK","Macro Indicators","MEX","Mexico","6110","Value US$","22008","Gross Domestic Product","2023","2023","million USD","1809417.993602","E","Estimated value",""
"MK","Macro Indicators","MSR","Montserrat","6110","Value US$","22008","Gross Domestic Product","2019","2019","million USD","67.288889","X","Figure from international organizations",""
"MK","Macro Indicators","MSR","Montserrat","6110","Value US$","22008","Gross Domestic Product","2020","2020","million USD","66.848148","X","Figure from international organizations",""
"MK","Macro Indicators","MSR","Montserrat","6110","Value US$","22008","Gross Domestic Product","2021","2021","million USD","70.544444","X","Figure from international organizations",""
"MK","Macro Indicators","MSR","Montserrat","6110","Value US$","22008","Gross Domestic Product","2022","2022","million USD","72.262963","X","Figure from international organizations",""
"MK","Macro Indicators","MSR","Montserrat","6110","Value US$","22008","Gross Domestic Product","2023","2023","million USD","74.741126","E","Estimated value",""
"MK","Macro Indicators","NIC","Nicaragua","6110","Value US$","22008","Gross Domestic Product","2019","2019","million USD","12699.023512","X","Figure from international organizations",""
"MK","Macro Indicators","NIC","Nicaragua","6110","Value US$","22008","Gross Domestic Product","2020","2020","million USD","12678.171779","X","Figure from international organizations",""
"MK","Macro Indicators","NIC","Nicaragua","6110","Value US$","22008","Gross Domestic Product","2021","2021","million USD","14145.845596","X","Figure from international organizations",""
"MK","Macro Indicators","NIC","Nicaragua","6110","Value US$","22008","Gross Domestic Product","2022","2022","million USD","15671.567948","X","Figure from international organizations",""
"MK","Macro Indicators","NIC","Nicaragua","6110","Value US$","22008","Gross Domestic Product","2023","2023","million USD","17249.365592","E","Estimated value",""
"MK","Macro Indicators","PAN","Panama","6110","Value US$","22008","Gross Domestic Product","2019","2019","million USD","69721.787533","X","Figure from international organizations",""
"MK","Macro Indicators","PAN","Panama","6110","Value US$","22008","Gross Domestic Product","2020","2020","million USD","57086.836942","X","Figure from international organizations",""
"MK","Macro Indicators","PAN","Panama","6110","Value US$","22008","Gross Domestic Product","2021","2021","million USD","67406.738052","X","Figure from international organizations",""
"MK","Macro Indicators","PAN","Panama","6110","Value US$","22008","Gross Domestic Product","2022","2022","million USD","76522.511781","X","Figure from international organizations",""
"MK","Macro Indicators","PAN","Panama","6110","Value US$","22008","Gross Domestic Product","2023","2023","million USD","82148.510306","E","Estimated value",""
"MK","Macro Indicators","PRY","Paraguay","6110","Value US$","22008","Gross Domestic Product","2019","2019","million USD","37925.33845","X","Figure from international organizations",""
"MK","Macro Indicators","PRY","Paraguay","6110","Value US$","22008","Gross Domestic Product","2020","2020","million USD","35432.177967","X","Figure from international organizations",""
"MK","Macro Indicators","PRY","Paraguay","6110","Value US$","22008","Gross Domestic Product","2021","2021","million USD","39950.899733","X","Figure from international organizations",""
"MK","Macro Indicators","PRY","Paraguay","6110","Value US$","22008","Gross Domestic Product","2022","2022","million USD","41722.295362","X","Figure from international organizations",""
"MK","Macro Indicators","PRY","Paraguay","6110","Value US$","22008","Gross Domestic Product","2023","2023","million USD","43526.526063","E","Estimated value",""
"MK","Macro Indicators","PER","Peru","6110","Value US$","22008","Gross Domestic Product","2019","2019","million USD","228325.852221","X","Figure from international organizations",""
"MK","Macro Indicators","PER","Peru","6110","Value US$","22008","Gross Domestic Product","2020","2020","million USD","201947.603715","X","Figure from international organizations",""
"MK","Macro Indicators","PER","Peru","6110","Value US$","22008","Gross Domestic Product","2021","2021","million USD","223717.791483","X","Figure from international organizations",""
"MK","Macro Indicators","PER","Peru","6110","Value US$","22008","Gross Domestic Product","2022","2022","million USD","242631.549613","X","Figure from international organizations",""
"MK","Macro Indicators","PRI","Puerto Rico","6110","Value US$","22008","Gross Domestic Product","2019","2019","million USD","105126.4","X","Figure from international organizations",""
"MK","Macro Indicators","PRI","Puerto Rico","6110","Value US$","22008","Gross Domestic Product","2020","2020","million USD","103130.9","X","Figure from international organizations",""
"MK","Macro Indicators","PRI","Puerto Rico","6110","Value US$","22008","Gross Domestic Product","2021","2021","million USD","106368.9","X","Figure from international organizations",""
"MK","Macro Indicators","PRI","Puerto Rico","6110","Value US$","22008","Gross Domestic Product","2022","2022","million USD","113434.8","X","Figure from international organizations",""
"MK","Macro Indicators","PRI","Puerto Rico","6110","Value US$","22008","Gross Domestic Product","2023","2023","million USD","117700.086403","E","Estimated value",""
"MK","Macro Indicators","KNA","Saint Kitts and Nevis","6110","Value US$","22008","Gross Domestic Product","2019","2019","million USD","1107.844444","X","Figure from international organizations",""
"MK","Macro Indicators","KNA","Saint Kitts and Nevis","6110","Value US$","22008","Gross Domestic Product","2020","2020","million USD","884.522222","X","Figure from international organizations",""
"MK","Macro Indicators","KNA","Saint Kitts and Nevis","6110","Value US$","22008","Gross Domestic Product","2021","2021","million USD","860.844444","X","Figure from international organizations",""
"MK","Macro Indicators","KNA","Saint Kitts and Nevis","6110","Value US$","22008","Gross Domestic Product","2022","2022","million USD","979.218519","X","Figure from international organizations",""
"MK","Macro Indicators","KNA","Saint Kitts and Nevis","6110","Value US$","22008","Gross Domestic Product","2023","2023","million USD","1057.839183","E","Estimated value",""
"MK","Macro Indicators","LCA","Saint Lucia","6110","Value US$","22008","Gross Domestic Product","2019","2019","million USD","2095.703704","X","Figure from international organizations",""
"MK","Macro Indicators","LCA","Saint Lucia","6110","Value US$","22008","Gross Domestic Product","2020","2020","million USD","1420.777778","X","Figure from international organizations",""
"MK","Macro Indicators","LCA","Saint Lucia","6110","Value US$","22008","Gross Domestic Product","2021","2021","million USD","1773.296296","X","Figure from international organizations",""
"MK","Macro Indicators","LCA","Saint Lucia","6110","Value US$","22008","Gross Domestic Product","2022","2022","million USD","2165.194778","X","Figure from international organizations",""
"MK","Macro Indicators","LCA","Saint Lucia","6110","Value US$","22008","Gross Domestic Product","2023","2023","million USD","2349.925225","E","Estimated value",""
"MK","Macro Indicators","VCT","Saint Vincent and the Grenadines","6110","Value US$","22008","Gross Domestic Product","2019","2019","million USD","910.765556","X","Figure from international organizations",""
"MK","Macro Indicators","VCT","Saint Vincent and the Grenadines","6110","Value US$","22008","Gross Domestic Product","2020","2020","million USD","869.111852","X","Figure from international organizations",""
"MK","Macro Indicators","VCT","Saint Vincent and the Grenadines","6110","Value US$","22008","Gross Domestic Product","2021","2021","million USD","872.225926","X","Figure from international organizations",""
"MK","Macro Indicators","VCT","Saint Vincent and the Grenadines","6110","Value US$","22008","Gross Domestic Product","2022","2022","million USD","946.700964","X","Figure from international organizations",""
"MK","Macro Indicators","VCT","Saint Vincent and the Grenadines","6110","Value US$","22008","Gross Domestic Product","2023","2023","million USD","1038.926528","E","Estimated value",""
"MK","Macro Indicators","SXM","Sint Maarten (Dutch part)","6110","Value US$","22008","Gross Domestic Product","2019","2019","million USD","1459.776536","X","Figure from international organizations",""
"MK","Macro Indicators","SXM","Sint Maarten (Dutch part)","6110","Value US$","22008","Gross Domestic Product","2020","2020","million USD","1240.27933","X","Figure from international organizations",""
"MK","Macro Indicators","SXM","Sint Maarten (Dutch part)","6110","Value US$","22008","Gross Domestic Product","2021","2021","million USD","1384.636872","X","Figure from international organizations",""
"MK","Macro Indicators","SXM","Sint Maarten (Dutch part)","6110","Value US$","22008","Gross Domestic Product","2022","2022","million USD","1572.960894","X","Figure from international organizations",""
"MK","Macro Indicators","SXM","Sint Maarten (Dutch part)","6110","Value US$","22008","Gross Domestic Product","2023","2023","million USD","1665.879506","E","Estimated value",""
"MK","Macro Indicators","SUR","Suriname","6110","Value US$","22008","Gross Domestic Product","2019","2019","million USD","4254.80598","X","Figure from international organizations",""
"MK","Macro Indicators","SUR","Suriname","6110","Value US$","22008","Gross Domestic Product","2020","2020","million USD","4159.114877","X","Figure from international organizations",""
"MK","Macro Indicators","SUR","Suriname","6110","Value US$","22008","Gross Domestic Product","2021","2021","million USD","3328.292309","X","Figure from international organizations",""
"MK","Macro Indicators","SUR","Suriname","6110","Value US$","22008","Gross Domestic Product","2022","2022","million USD","3620.988029","X","Figure from international organizations",""
"MK","Macro Indicators","SUR","Suriname","6110","Value US$","22008","Gross Domestic Product","2023","2023","million USD","3525.85611","E","Estimated value",""
"MK","Macro Indicators","TTO","Trinidad and Tobago","6110","Value US$","22008","Gross Domestic Product","2019","2019","million USD","23775.961874","X","Figure from international organizations",""
"MK","Macro Indicators","TTO","Trinidad and Tobago","6110","Value US$","22008","Gross Domestic Product","2020","2020","million USD","20807.717141","X","Figure from international organizations",""
"MK","Macro Indicators","TTO","Trinidad and Tobago","6110","Value US$","22008","Gross Domestic Product","2021","2021","million USD","24496.397033","X","Figure from international organizations",""
"MK","Macro Indicators","TTO","Trinidad and Tobago","6110","Value US$","22008","Gross Domestic Product","2022","2022","million USD","30053.446269","X","Figure from international organizations",""
"MK","Macro Indicators","TTO","Trinidad and Tobago","6110","Value US$","22008","Gross Domestic Product","2023","2023","million USD","30437.380293","E","Estimated value",""
"MK","Macro Indicators","TCA","Turks and Caicos Islands","6110","Value US$","22008","Gross Domestic Product","2019","2019","million USD","1197.415","X","Figure from international organizations",""
"MK","Macro Indicators","TCA","Turks and Caicos Islands","6110","Value US$","22008","Gross Domestic Product","2020","2020","million USD","924.583","X","Figure from international organizations",""
"MK","Macro Indicators","TCA","Turks and Caicos Islands","6110","Value US$","22008","Gross Domestic Product","2021","2021","million USD","1044.77879","X","Figure from international organizations",""
"MK","Macro Indicators","TCA","Turks and Caicos Islands","6110","Value US$","22008","Gross Domestic Product","2022","2022","million USD","1138.808881","X","Figure from international organizations",""
"MK","Macro Indicators","USA","United States of America","6110","Value US$","22008","Gross Domestic Product","2019","2019","million USD","21521400","X","Figure from international organizations",""
"MK","Macro Indicators","USA","United States of America","6110","Value US$","22008","Gross Domestic Product","2020","2020","million USD","21323000","X","Figure from international organizations",""
"MK","Macro Indicators","USA","United States of America","6110","Value US$","22008","Gross Domestic Product","2021","2021","million USD","23594000","X","Figure from international organizations",""
"MK","Macro Indicators","USA","United States of America","6110","Value US$","22008","Gross Domestic Product","2022","2022","million USD","25744100","X","Figure from international organizations",""
"MK","Macro Indicators","USA","United States of America","6110","Value US$","22008","Gross Domestic Product","2023","2023","million USD","27149488.929809","E","Estimated value",""
"MK","Macro Indicators","URY","Uruguay","6110","Value US$","22008","Gross Domestic Product","2019","2019","million USD","62048.585619","X","Figure from international organizations",""
"MK","Macro Indicators","URY","Uruguay","6110","Value US$","22008","Gross Domestic Product","2020","2020","million USD","53666.90848","X","Figure from international organizations",""
"MK","Macro Indicators","URY","Uruguay","6110","Value US$","22008","Gross Domestic Product","2021","2021","million USD","61410.329489","X","Figure from international organizations",""
"MK","Macro Indicators","URY","Uruguay","6110","Value US$","22008","Gross Domestic Product","2022","2022","million USD","71171.124161","X","Figure from international organizations",""
"MK","Macro Indicators","URY","Uruguay","6110","Value US$","22008","Gross Domestic Product","2023","2023","million USD","80691.087737","E","Estimated value",""
"MK","Macro Indicators","VEN","Venezuela (Bolivarian Republic of)","6110","Value US$","22008","Gross Domestic Product","2019","2019","million USD","149296.947453","X","Figure from international organizations",""
"MK","Macro Indicators","VEN","Venezuela (Bolivarian Republic of)","6110","Value US$","22008","Gross Domestic Product","2020","2020","million USD","105896.170708","X","Figure from international organizations",""
"MK","Macro Indicators","VEN","Venezuela (Bolivarian Republic of)","6110","Value US$","22008","Gross Domestic Product","2021","2021","million USD","111858.458936","X","Figure from international organizations",""
"MK","Macro Indicators","VEN","Venezuela (Bolivarian Republic of)","6110","Value US$","22008","Gross Domestic Product","2022","2022","million USD","129313.577578","X","Figure from international organizations",""
